hall_id,hall_size
Hall_1,mid-size
Hall_2,small-size
Hall_3,mid-size
Hall_4,large-size
Hall_5,large-size
Hall_6,mid-size
Hall_7,small-size
Hall_8,large-size
Hall_9,mid-size
Hall_10,small-size
Hall_11,mid-size
Hall_12,large-size
Hall_13,mid-size
Hall_14,small-size
Hall_15,small-size
Hall_16,large-size
Hall_17,mid-size
Hall_18,large-size
Hall_19,small-size
Hall_20,small-size
Hall_21,large-size
Hall_22,small-size
Hall_23,large-size
Hall_24,large-size
Hall_25,mid-size
Hall_26,mid-size
Hall_27,small-size
Hall_28,large-size
Hall_29,small-size
Hall_30,small-size
Hall_31,small-size
Hall_32,mid-size
Hall_33,small-size
Hall_34,small-size
Hall_35,mid-size
Hall_36,small-size
Hall_37,small-size
Hall_38,small-size
Hall_39,mid-size
Hall_40,mid-size
Hall_41,mid-size
Hall_42,mid-size
Hall_43,large-size
Hall_44,mid-size
Hall_45,small-size
Hall_46,mid-size
Hall_47,small-size
Hall_48,mid-size
Hall_49,small-size
Hall_50,mid-size
Hall_51,large-size
Hall_52,large-size
Hall_53,small-size
Hall_54,large-size
Hall_55,large-size
Hall_56,large-size
Hall_57,large-size
Hall_58,mid-size
Hall_59,mid-size
Hall_60,small-size
Hall_61,large-size
Hall_62,mid-size
Hall_63,small-size
Hall_64,small-size
Hall_65,large-size
Hall_66,large-size
Hall_67,small-size
Hall_68,large-size
Hall_69,small-size
Hall_70,large-size
Hall_71,large-size
Hall_72,small-size
Hall_73,mid-size
Hall_74,large-size
Hall_75,small-size
Hall_76,small-size
Hall_77,small-size
Hall_78,small-size
Hall_79,small-size
Hall_80,mid-size
Hall_81,small-size
Hall_82,mid-size
Hall_83,small-size
Hall_84,small-size
Hall_85,small-size
Hall_86,large-size
Hall_87,mid-size
Hall_88,small-size
Hall_89,large-size
Hall_90,mid-size
Hall_91,large-size
Hall_92,large-size
Hall_93,small-size
Hall_94,large-size
Hall_95,mid-size
Hall_96,small-size
Hall_97,large-size
Hall_98,large-size
Hall_99,large-size
Hall_100,large-size
Hall_101,mid-size
Hall_102,small-size
Hall_103,small-size
Hall_104,mid-size
Hall_105,mid-size
Hall_106,mid-size
Hall_107,mid-size
Hall_108,large-size
Hall_109,large-size
Hall_110,small-size
Hall_111,small-size
Hall_112,mid-size
Hall_113,large-size
Hall_114,large-size
Hall_115,mid-size
Hall_116,large-size
Hall_117,mid-size
Hall_118,small-size
Hall_119,large-size
Hall_120,mid-size
Hall_121,small-size
Hall_122,mid-size
Hall_123,large-size
Hall_124,mid-size
Hall_125,large-size
Hall_126,mid-size
Hall_127,large-size
Hall_128,small-size
Hall_129,mid-size
Hall_130,large-size
Hall_131,small-size
Hall_132,small-size
Hall_133,small-size
Hall_134,large-size
Hall_135,small-size
Hall_136,large-size
Hall_137,small-size
Hall_138,large-size
Hall_139,small-size
Hall_140,mid-size
Hall_141,mid-size
Hall_142,large-size
Hall_143,small-size
Hall_144,large-size
Hall_145,mid-size
Hall_146,large-size
Hall_147,small-size
Hall_148,large-size
Hall_149,small-size
Hall_150,small-size
Hall_151,large-size
Hall_152,small-size
Hall_153,small-size
Hall_154,small-size
Hall_155,small-size
Hall_156,mid-size
Hall_157,large-size
Hall_158,mid-size
Hall_159,large-size
Hall_160,small-size
Hall_161,small-size
Hall_162,small-size
Hall_163,large-size
Hall_164,mid-size
Hall_165,mid-size
Hall_166,mid-size
Hall_167,mid-size
Hall_168,large-size
Hall_169,small-size
Hall_170,large-size
Hall_171,mid-size
Hall_172,small-size
Hall_173,small-size
Hall_174,mid-size
Hall_175,mid-size
Hall_176,large-size
Hall_177,mid-size
Hall_178,mid-size
Hall_179,small-size
Hall_180,mid-size
Hall_181,large-size
Hall_182,small-size
Hall_183,small-size
Hall_184,large-size
Hall_185,small-size
Hall_186,large-size
Hall_187,mid-size
Hall_188,small-size
Hall_189,mid-size
Hall_190,small-size
Hall_191,small-size
Hall_192,large-size
Hall_193,small-size
Hall_194,large-size
Hall_195,large-size
Hall_196,large-size
Hall_197,small-size
Hall_198,large-size
Hall_199,small-size
Hall_200,small-size
Hall_201,large-size
Hall_202,small-size
Hall_203,small-size
Hall_204,small-size
Hall_205,small-size
Hall_206,large-size
Hall_207,large-size
Hall_208,mid-size
Hall_209,mid-size
Hall_210,small-size
Hall_211,small-size
Hall_212,mid-size
Hall_213,large-size
Hall_214,large-size
Hall_215,small-size
Hall_216,large-size
Hall_217,small-size
Hall_218,large-size
Hall_219,large-size
Hall_220,small-size
Hall_221,mid-size
Hall_222,small-size
Hall_223,large-size
Hall_224,large-size
Hall_225,small-size
Hall_226,large-size
Hall_227,small-size
Hall_228,large-size
Hall_229,mid-size
Hall_230,large-size
Hall_231,mid-size
Hall_232,mid-size
Hall_233,large-size
Hall_234,large-size
Hall_235,mid-size
Hall_236,small-size
Hall_237,large-size
Hall_238,large-size
Hall_239,large-size
Hall_240,large-size
Hall_241,mid-size
Hall_242,large-size
Hall_243,large-size
Hall_244,mid-size
Hall_245,small-size
Hall_246,mid-size
Hall_247,large-size
Hall_248,large-size
Hall_249,mid-size
Hall_250,small-size
Hall_251,small-size
Hall_252,mid-size
Hall_253,small-size
Hall_254,mid-size
Hall_255,small-size
Hall_256,mid-size
Hall_257,small-size
Hall_258,small-size
Hall_259,mid-size
Hall_260,mid-size
Hall_261,small-size
Hall_262,mid-size
Hall_263,large-size
Hall_264,large-size
Hall_265,large-size
Hall_266,large-size
Hall_267,mid-size
Hall_268,mid-size
Hall_269,small-size
Hall_270,mid-size
Hall_271,mid-size
Hall_272,large-size
Hall_273,large-size
Hall_274,small-size
Hall_275,large-size
Hall_276,small-size
Hall_277,mid-size
Hall_278,mid-size
Hall_279,large-size
Hall_280,mid-size
Hall_281,small-size
Hall_282,small-size
Hall_283,large-size
Hall_284,mid-size
Hall_285,mid-size
Hall_286,small-size
Hall_287,small-size
Hall_288,small-size
Hall_289,small-size
Hall_290,mid-size
Hall_291,small-size
Hall_292,small-size
Hall_293,large-size
Hall_294,mid-size
Hall_295,mid-size
Hall_296,small-size
Hall_297,small-size
Hall_298,mid-size
Hall_299,large-size
Hall_300,small-size
Hall_301,large-size
Hall_302,large-size
Hall_303,large-size
Hall_304,small-size
Hall_305,large-size
Hall_306,large-size
Hall_307,small-size
Hall_308,mid-size
Hall_309,mid-size
Hall_310,mid-size
Hall_311,small-size
Hall_312,large-size
Hall_313,large-size
Hall_314,large-size
Hall_315,large-size
Hall_316,large-size
Hall_317,large-size
Hall_318,mid-size
Hall_319,small-size
Hall_320,large-size
Hall_321,small-size
Hall_322,mid-size
Hall_323,large-size
Hall_324,large-size
Hall_325,small-size
Hall_326,small-size
Hall_327,mid-size
Hall_328,small-size
Hall_329,mid-size
Hall_330,large-size
Hall_331,large-size
Hall_332,mid-size
Hall_333,large-size
Hall_334,mid-size
Hall_335,mid-size
Hall_336,small-size
Hall_337,small-size
Hall_338,small-size
Hall_339,large-size
Hall_340,large-size
Hall_341,small-size
Hall_342,large-size
Hall_343,large-size
Hall_344,mid-size
Hall_345,small-size
Hall_346,small-size
Hall_347,large-size
Hall_348,large-size
Hall_349,large-size
Hall_350,mid-size
Hall_351,mid-size
Hall_352,large-size
Hall_353,small-size
Hall_354,mid-size
Hall_355,mid-size
Hall_356,small-size
Hall_357,large-size
Hall_358,large-size
Hall_359,mid-size
Hall_360,mid-size
Hall_361,large-size
Hall_362,mid-size
Hall_363,mid-size
Hall_364,mid-size
Hall_365,small-size
Hall_366,large-size
Hall_367,large-size
Hall_368,small-size
Hall_369,small-size
Hall_370,small-size
Hall_371,small-size
Hall_372,mid-size
Hall_373,small-size
Hall_374,mid-size
Hall_375,small-size
Hall_376,small-size
Hall_377,mid-size
Hall_378,large-size
Hall_379,mid-size
Hall_380,mid-size
Hall_381,large-size
Hall_382,large-size
Hall_383,large-size
Hall_384,large-size
Hall_385,small-size
Hall_386,small-size
Hall_387,large-size
Hall_388,large-size
Hall_389,small-size
Hall_390,mid-size
Hall_391,mid-size
Hall_392,large-size
Hall_393,large-size
Hall_394,large-size
Hall_395,mid-size
Hall_396,large-size
Hall_397,small-size
Hall_398,mid-size
Hall_399,small-size
Hall_400,small-size
Hall_401,small-size
Hall_402,large-size
Hall_403,mid-size
Hall_404,mid-size
Hall_405,mid-size
Hall_406,mid-size
Hall_407,small-size
Hall_408,large-size
Hall_409,mid-size
Hall_410,small-size
Hall_411,large-size
Hall_412,mid-size
Hall_413,large-size
Hall_414,mid-size
Hall_415,mid-size
Hall_416,small-size
Hall_417,small-size
Hall_418,mid-size
Hall_419,large-size
Hall_420,small-size
Hall_421,mid-size
Hall_422,large-size
Hall_423,small-size
Hall_424,large-size
Hall_425,small-size
Hall_426,mid-size
Hall_427,small-size
Hall_428,small-size
Hall_429,small-size
Hall_430,small-size
Hall_431,small-size
Hall_432,small-size
Hall_433,mid-size
Hall_434,mid-size
Hall_435,large-size
Hall_436,large-size
Hall_437,large-size
Hall_438,large-size
Hall_439,mid-size
Hall_440,small-size
Hall_441,mid-size
Hall_442,mid-size
Hall_443,large-size
Hall_444,small-size
Hall_445,large-size
Hall_446,large-size
Hall_447,mid-size
Hall_448,mid-size
Hall_449,large-size
Hall_450,large-size
Hall_451,large-size
Hall_452,mid-size
Hall_453,large-size
Hall_454,small-size
Hall_455,large-size
Hall_456,mid-size
Hall_457,mid-size
Hall_458,small-size
Hall_459,mid-size
Hall_460,large-size
Hall_461,small-size
Hall_462,hall_size
Hall_463,mid-size
Hall_464,small-size
Hall_465,mid-size
Hall_466,large-size
Hall_467,large-size
Hall_468,mid-size
Hall_469,small-size
Hall_470,large-size
Hall_471,mid-size
Hall_472,small-size
Hall_473,mid-size
Hall_474,large-size
Hall_475,mid-size
Hall_476,small-size
Hall_477,small-size
Hall_478,large-size
Hall_479,mid-size
Hall_480,large-size
Hall_481,small-size
Hall_482,small-size
Hall_483,large-size
Hall_484,small-size
Hall_485,large-size
Hall_486,large-size
Hall_487,mid-size
Hall_488,mid-size
Hall_489,small-size
Hall_490,large-size
Hall_491,small-size
Hall_492,small-size
Hall_493,small-size
Hall_494,mid-size
Hall_495,small-size
Hall_496,small-size
Hall_497,mid-size
Hall_498,small-size
Hall_499,small-size
Hall_500,small-size
Hall_501,mid-size
Hall_502,mid-size
Hall_503,mid-size
Hall_504,mid-size
Hall_505,large-size
Hall_506,mid-size
Hall_507,small-size
Hall_508,mid-size
Hall_509,small-size
Hall_510,mid-size
Hall_511,small-size
Hall_512,mid-size
Hall_513,large-size
Hall_514,large-size
Hall_515,small-size
Hall_516,large-size
Hall_517,large-size
Hall_518,large-size
Hall_519,large-size
Hall_520,mid-size
Hall_521,mid-size
Hall_522,small-size
Hall_523,large-size
Hall_524,mid-size
Hall_525,small-size
Hall_526,small-size
Hall_527,large-size
Hall_528,large-size
Hall_529,small-size
Hall_530,large-size
Hall_531,small-size
Hall_532,large-size
Hall_533,large-size
Hall_534,small-size
Hall_535,mid-size
Hall_536,large-size
Hall_537,small-size
Hall_538,small-size
Hall_539,small-size
Hall_540,small-size
Hall_541,small-size
Hall_542,mid-size
Hall_543,small-size
Hall_544,mid-size
Hall_545,small-size
Hall_546,small-size
Hall_547,small-size
Hall_548,large-size
Hall_549,mid-size
Hall_550,small-size
Hall_551,large-size
Hall_552,mid-size
Hall_553,large-size
Hall_554,large-size
Hall_555,small-size
Hall_556,large-size
Hall_557,mid-size
Hall_558,small-size
Hall_559,large-size
Hall_560,large-size
Hall_561,large-size
Hall_562,large-size
Hall_563,mid-size
Hall_564,small-size
Hall_565,small-size
Hall_566,mid-size
Hall_567,mid-size
Hall_568,mid-size
Hall_569,mid-size
Hall_570,large-size
Hall_571,large-size
Hall_572,small-size
Hall_573,small-size
Hall_574,mid-size
Hall_575,large-size
Hall_576,large-size
Hall_577,mid-size
Hall_578,large-size
Hall_579,mid-size
Hall_580,small-size
Hall_581,large-size
Hall_582,mid-size
Hall_583,small-size
Hall_584,mid-size
Hall_585,large-size
Hall_586,mid-size
Hall_587,large-size
Hall_588,mid-size
Hall_589,large-size
Hall_590,small-size
Hall_591,mid-size
Hall_592,large-size
Hall_593,small-size
Hall_594,small-size
Hall_595,small-size
Hall_596,large-size
Hall_597,small-size
Hall_598,large-size
Hall_599,small-size
Hall_600,large-size
Hall_601,small-size
Hall_602,mid-size
Hall_603,mid-size
Hall_604,large-size
Hall_605,small-size
Hall_606,large-size
Hall_607,mid-size
Hall_608,large-size
Hall_609,small-size
Hall_610,large-size
Hall_611,small-size
Hall_612,small-size
Hall_613,large-size
Hall_614,small-size
Hall_615,small-size
Hall_616,small-size
Hall_617,small-size
Hall_618,mid-size
Hall_619,large-size
Hall_620,mid-size
Hall_621,large-size
Hall_622,small-size
Hall_623,small-size
Hall_624,small-size
Hall_625,large-size
Hall_626,mid-size
Hall_627,mid-size
Hall_628,mid-size
Hall_629,mid-size
Hall_630,large-size
Hall_631,small-size
Hall_632,large-size
Hall_633,mid-size
Hall_634,small-size
Hall_635,small-size
Hall_636,mid-size
Hall_637,mid-size
Hall_638,large-size
Hall_639,mid-size
Hall_640,mid-size
Hall_641,small-size
Hall_642,mid-size
Hall_643,large-size
Hall_644,small-size
Hall_645,small-size
Hall_646,large-size
Hall_647,small-size
Hall_648,large-size
Hall_649,mid-size
Hall_650,small-size
Hall_651,mid-size
Hall_652,small-size
Hall_653,small-size
Hall_654,large-size
Hall_655,small-size
Hall_656,large-size
Hall_657,large-size
Hall_658,large-size
Hall_659,small-size
Hall_660,large-size
Hall_661,small-size
Hall_662,small-size
Hall_663,large-size
Hall_664,small-size
Hall_665,small-size
Hall_666,small-size
Hall_667,small-size
Hall_668,large-size
Hall_669,large-size
Hall_670,mid-size
Hall_671,mid-size
Hall_672,small-size
Hall_673,small-size
Hall_674,mid-size
Hall_675,large-size
Hall_676,large-size
Hall_677,small-size
Hall_678,large-size
Hall_679,small-size
Hall_680,large-size
Hall_681,large-size
Hall_682,small-size
Hall_683,mid-size
Hall_684,small-size
Hall_685,large-size
Hall_686,large-size
Hall_687,small-size
Hall_688,large-size
Hall_689,small-size
Hall_690,large-size
Hall_691,mid-size
Hall_692,large-size
Hall_693,mid-size
Hall_694,mid-size
Hall_695,large-size
Hall_696,large-size
Hall_697,mid-size
Hall_698,small-size
Hall_699,large-size
Hall_700,large-size
Hall_701,large-size
Hall_702,large-size
Hall_703,mid-size
Hall_704,large-size
Hall_705,large-size
Hall_706,mid-size
Hall_707,small-size
Hall_708,mid-size
Hall_709,large-size
Hall_710,large-size
Hall_711,mid-size
Hall_712,small-size
Hall_713,small-size
Hall_714,mid-size
Hall_715,small-size
Hall_716,mid-size
Hall_717,small-size
Hall_718,mid-size
Hall_719,small-size
Hall_720,small-size
Hall_721,mid-size
Hall_722,mid-size
Hall_723,small-size
Hall_724,mid-size
Hall_725,large-size
Hall_726,large-size
Hall_727,large-size
Hall_728,large-size
Hall_729,mid-size
Hall_730,mid-size
Hall_731,small-size
Hall_732,mid-size
Hall_733,mid-size
Hall_734,large-size
Hall_735,large-size
Hall_736,small-size
Hall_737,large-size
Hall_738,small-size
Hall_739,mid-size
Hall_740,mid-size
Hall_741,large-size
Hall_742,mid-size
Hall_743,small-size
Hall_744,small-size
Hall_745,large-size
Hall_746,mid-size
Hall_747,mid-size
Hall_748,small-size
Hall_749,small-size
Hall_750,small-size
Hall_751,small-size
Hall_752,mid-size
Hall_753,small-size
Hall_754,small-size
Hall_755,large-size
Hall_756,mid-size
Hall_757,mid-size
Hall_758,small-size
Hall_759,small-size
Hall_760,mid-size
Hall_761,large-size
Hall_762,small-size
Hall_763,large-size
Hall_764,large-size
Hall_765,large-size
Hall_766,small-size
Hall_767,large-size
Hall_768,large-size
Hall_769,small-size
Hall_770,mid-size
Hall_771,mid-size
Hall_772,mid-size
Hall_773,small-size
Hall_774,large-size
Hall_775,large-size
Hall_776,large-size
Hall_777,large-size
Hall_778,large-size
Hall_779,large-size
Hall_780,mid-size
Hall_781,small-size
Hall_782,large-size
Hall_783,small-size
Hall_784,mid-size
Hall_785,large-size
Hall_786,large-size
Hall_787,small-size
Hall_788,small-size
Hall_789,mid-size
Hall_790,small-size
Hall_791,mid-size
Hall_792,large-size
Hall_793,large-size
Hall_794,mid-size
Hall_795,large-size
Hall_796,mid-size
Hall_797,mid-size
Hall_798,small-size
Hall_799,small-size
Hall_800,small-size
Hall_801,large-size
Hall_802,large-size
Hall_803,small-size
Hall_804,large-size
Hall_805,large-size
Hall_806,mid-size
Hall_807,small-size
Hall_808,small-size
Hall_809,large-size
Hall_810,large-size
Hall_811,large-size
Hall_812,mid-size
Hall_813,mid-size
Hall_814,large-size
Hall_815,small-size
Hall_816,mid-size
Hall_817,mid-size
Hall_818,small-size
Hall_819,large-size
Hall_820,large-size
Hall_821,mid-size
Hall_822,mid-size
Hall_823,large-size
Hall_824,mid-size
Hall_825,mid-size
Hall_826,mid-size
Hall_827,small-size
Hall_828,large-size
Hall_829,large-size
Hall_830,small-size
Hall_831,small-size
Hall_832,small-size
Hall_833,small-size
Hall_834,mid-size
Hall_835,small-size
Hall_836,mid-size
Hall_837,small-size
Hall_838,small-size
Hall_839,mid-size
Hall_840,large-size
Hall_841,mid-size
Hall_842,mid-size
Hall_843,large-size
Hall_844,large-size
Hall_845,large-size
Hall_846,large-size
Hall_847,small-size
Hall_848,small-size
Hall_849,large-size
Hall_850,large-size
Hall_851,small-size
Hall_852,mid-size
Hall_853,mid-size
Hall_854,large-size
Hall_855,large-size
Hall_856,large-size
Hall_857,mid-size
Hall_858,large-size
Hall_859,small-size
Hall_860,mid-size
Hall_861,small-size
Hall_862,small-size
Hall_863,small-size
Hall_864,large-size
Hall_865,mid-size
Hall_866,mid-size
Hall_867,mid-size
Hall_868,mid-size
Hall_869,small-size
Hall_870,large-size
Hall_871,mid-size
Hall_872,small-size
Hall_873,large-size
Hall_874,mid-size
Hall_875,large-size
Hall_876,mid-size
Hall_877,mid-size
Hall_878,small-size
Hall_879,small-size
Hall_880,mid-size
Hall_881,large-size
Hall_882,small-size
Hall_883,mid-size
Hall_884,large-size
Hall_885,small-size
Hall_886,large-size
Hall_887,small-size
Hall_888,mid-size
Hall_889,small-size
Hall_890,small-size
Hall_891,small-size
Hall_892,small-size
Hall_893,small-size
Hall_894,small-size
Hall_895,mid-size
Hall_896,mid-size
Hall_897,large-size
Hall_898,large-size
Hall_899,large-size
Hall_900,large-size
Hall_901,mid-size
Hall_902,small-size
Hall_903,mid-size
Hall_904,mid-size
Hall_905,large-size
Hall_906,small-size
Hall_907,large-size
Hall_908,large-size
Hall_909,mid-size
Hall_910,mid-size
Hall_911,large-size